{
  "version": 1,
  "author": "Anonymous maker",
  "editor": "wokwi",
  "parts": [
    { "type": "wokwi-esp32-devkit-v1", "id": "esp", "top": -5.33, "left": -7.33, "attrs": {} },
    {
      "type": "wokwi-led",
      "id": "led1",
      "top": 45.33,
      "left": -84.33,
      "attrs": { "color": "red" }
    }
  ],
  "connections": [
    [ "esp:TX0", "$serialMonitor:RX", "", [] ],
    [ "esp:RX0", "$serialMonitor:TX", "", [] ],
    [ "esp:D25", "led1:A", "green", [ "h-57.5", "v0.99" ] ],
    [ "esp:GND.2", "led1:C", "black", [ "h-67.5", "v-58.05" ] ]
  ],
  "dependencies": {}
}