{
  "version": 1,
  "author": "Uri Shaked",
  "editor": "wokwi",
  "parts": [
    { "type": "wokwi-breadboard", "id": "bb1", "top": -147, "left": -179.6, "attrs": {} },
    { "type": "wokwi-esp32-devkit-v1", "id": "esp", "top": 62.3, "left": 119.8, "attrs": {} },
    {
      "type": "wokwi-led",
      "id": "led1",
      "top": -51.6,
      "left": -82.6,
      "attrs": { "color": "red" }
    },
    {
      "type": "wokwi-led",
      "id": "led2",
      "top": -51.6,
      "left": -34.6,
      "attrs": { "color": "red" }
    },
    { "type": "wokwi-led", "id": "led3", "top": -51.6, "left": -121, "attrs": { "color": "red" } },
    { "type": "wokwi-led", "id": "led4", "top": -51.6, "left": -5.8, "attrs": { "color": "red" } }
  ],
  "connections": [
    [ "esp:TX0", "$serialMonitor:RX", "", [] ],
    [ "esp:RX0", "$serialMonitor:TX", "", [] ],
    [ "esp:GND.2", "bb1:bn.1", "black", [ "h0" ] ],
    [ "bb1:10b.j", "bb1:bn.7", "black", [ "v0" ] ],
    [ "bb1:15b.j", "bb1:bn.11", "black", [ "v0" ] ],
    [ "bb1:bn.4", "bb1:6b.j", "black", [ "v0" ] ],
    [ "esp:D25", "bb1:7b.j", "green", [ "h0" ] ],
    [ "esp:D33", "bb1:11b.j", "gold", [ "h0" ] ],
    [ "esp:D32", "bb1:16b.j", "blue", [ "h0" ] ],
    [ "bb1:18b.j", "bb1:bn.14", "black", [ "v0" ] ],
    [ "led1:A", "bb1:11b.h", "", [ "$bb" ] ],
    [ "led1:C", "bb1:10b.h", "", [ "$bb" ] ],
    [ "led2:A", "bb1:16b.h", "", [ "$bb" ] ],
    [ "led2:C", "bb1:15b.h", "", [ "$bb" ] ],
    [ "led3:A", "bb1:7b.h", "", [ "$bb" ] ],
    [ "led3:C", "bb1:6b.h", "", [ "$bb" ] ],
    [ "led4:A", "bb1:19b.h", "", [ "$bb" ] ],
    [ "led4:C", "bb1:18b.h", "", [ "$bb" ] ],
    [ "esp:D26", "bb1:19b.j", "orange", [ "h0" ] ]
  ],
  "dependencies": {}
}